datasetKey,count
724ec4af-c9a3-490b-b718-a1b202437c0f,1410
821cc27a-e3bb-4bc5-ac34-89ada245069d,248
0b5f972e-0f84-4d07-9b84-96c09e2925da,239
1ad3c2b1-04dd-4be2-992b-f74027068713,202
10e5d19e-441c-4f96-a914-a01780fa4ff5,194
9e932f70-0c61-11dd-84ce-b8a03c50a862,188
96cdea48-b78a-4345-ae6d-b2c7c6e0278a,187
d6cc311c-c5ab-4f23-9a20-10514f9eb9c4,126
db1abc39-7b60-4103-815d-820fa37cb62b,121
37beb6ea-e591-41e3-b781-e384250dc42c,116
50c9509d-22c7-4a22-a47d-8c48425ef4a7,107
26098c25-8f7f-4c71-97ac-1d3db181c65e,106
b161692c-95a1-4909-91bd-08c870bd0ca6,101
741655eb-fd10-4dc8-b26b-e86c6411c442,100
0a0b594e-0c5e-4766-a5d7-66043160de5f,99
a56b9254-25a0-45a8-9909-bbe1365f01f1,89
dfddad59-5bc5-4e35-8b35-334eed43bba9,73
33572c56-7266-4705-83df-614a94b37606,59
040c5662-da76-4782-a48e-cdea1892d14c,53
6ec5565d-9dfe-4301-a43e-c41a03dd33ae,42
38b4c89f-584c-41bb-bd8f-cd1def33e92f,38
1c124078-9b39-4042-84af-b2f948dad993,35
07adabd1-4687-48ce-aa5f-fb32fbf02108,34
0645ccdb-e001-4ab0-9729-51f1755e007e,31
1a6d5bcd-cb62-468f-967f-fd25e18c3b8c,29
d03f444a-7192-4fa0-bf7a-63714585c611,29
1951408d-71f2-47f4-b5be-8bcf40c04bbc,28
4ffe66a0-6c8b-11de-8226-b8a03c50a862,25
2985efd1-45b1-46de-b6db-0465d2834a5a,24
f38cc07c-49a8-4ca4-8882-5cdde1733c12,22
5b8bcba7-cecb-4d95-9865-2830cd4e35aa,21
cdc76698-d92d-4a0b-b8d5-04ba3b22defd,21
12f7588e-f812-4da0-85e9-05f655fa538a,20
96a521af-58d0-4913-8b14-8a5d900c3c0d,20
629befd5-fb45-4365-95c4-d07e72479b37,19
2c28a663-db16-48d3-9cd0-3c7ec8d8d873,18
e12cbcf7-b081-434f-9532-d93ef76cdb44,18
8256af7b-37fc-4fe7-99bc-d4454c379374,17
857bce66-f762-11e1-a439-00145eb45e9a,17
822d2ba1-b136-4b1a-80ab-4193f1070aa9,16
b56e76a0-2adb-4168-8d46-156a4fe7f10e,15
d8cd16ba-bb74-4420-821e-083f2bac17c2,15
129704b4-762b-4f0c-8eab-ef3f8aedd478,14
87f42a91-8dfd-44f1-aabb-8b6ef14aba82,14
ce8530a2-cd4b-4e51-9927-76bf49b5a9a6,14
dd4803b9-1a04-4f64-9867-feedd5ebcbb8,14
6ac3f774-d9fb-4796-b3e9-92bf6c81c084,13
7c93d290-6c8b-11de-8226-b8a03c50a862,13
a79c2b50-6c8a-11de-8226-b8a03c50a862,13
fbf2c8a9-1f63-4a48-a85e-96e5641f3cc8,13
9fb39c60-52ab-460f-ade5-a8a204d65434,12
dce8feb0-6c89-11de-8225-b8a03c50a862,12
f946666e-67dc-4848-9fa8-2162f3559e33,12
29cd9f29-7c76-4e6b-a8b8-78d91eaf49bf,11
22842d62-ba9b-4aa0-b216-1933ea23fd27,10
37f48e00-1fe8-11dc-b461-b8a03c50a862,10
4c313e80-c48b-4fc8-bd19-d8226b0a6921,10
59b549c0-7da9-4095-98c1-56da90837723,10
d9f7b2f6-03b3-4cd3-817b-c61949d79b1d,10
40c0f670-ee87-4576-be9d-2725e0b47035,9
7a9ad56e-7452-4f24-a1b4-3be3400c9a9d,9
854e35e6-f762-11e1-a439-00145eb45e9a,9
16b0aa56-90aa-436c-bfe8-b5af83f84575,8
39905320-6c8a-11de-8226-b8a03c50a862,8
3ec2d8c8-abba-48f3-aa80-152cfd0463d9,8
823dc56e-f987-495c-98bf-43318719e30f,8
fa375330-6c8a-11de-8226-b8a03c50a862,8
25e3e8f1-86ee-440c-adfc-8e63759a6505,7
4655f1f3-60a5-4346-a343-84f5836a4585,7
49717845-86b1-4bbe-886e-4cddc1f98ebf,7
d422028c-43cd-44af-8e8c-d3cf11dfe14c,7
d9870517-1d50-45f0-831c-a783922c22d3,7
ea95fd9b-58dc-4e48-b51f-9380e9804607,7
1cd10854-e401-4822-ae48-adaeeedc647d,6
ea16e238-4e23-41fb-9eee-c1ea4f0caa63,6
00152458-37ab-4698-b3fc-1b0cfb5c15d8,5
23bab45d-e5c8-43fd-8fc5-6a8668becd16,5
46293000-ddd1-4c32-a1e7-b5e793223ecd,5
66a51aea-8662-4685-9fd0-9d4b596617d5,5
8050237e-f762-11e1-a439-00145eb45e9a,5
ac567b66-ed97-45c2-bc07-6f8604ee96d7,5
cdc3f469-f853-4339-a8a2-0260d6d7d8e5,5
ce861efd-402f-4c10-a9fb-30ad0426bd15,5
e4473544-f4cd-4429-b791-39d6e1fdb0a4,5
005eb8d8-ed94-41be-89cf-e3115a9058e4,4
1560f099-f48d-43ac-8d88-ce329a53aa7e,4
16cea338-38b9-47f8-bde1-5bf4a613ea3d,4
28646617-3f8e-4910-849e-e3776e3fec78,4
3c428404-893c-44da-bb4a-6c19d8fb676a,4
70921b14-8ee5-47a0-aea4-679ac21e8196,4
8e9974a4-12e2-475f-9aec-5abdf24a1f50,4
962f59bc-f762-11e1-a439-00145eb45e9a,4
aa6c5ee6-d4d7-4a65-a04f-379cffbf4842,4
b2906713-07c4-41b1-887f-adfc0a24b3ab,4
b5c154ee-6d2c-4c40-bf65-dae2219e87ba,4
0d343607-4dc4-4639-8aad-9fa5d51bb963,3
0e5c0373-f957-4ce3-b8d9-a9054df51fc5,3
3ccb35b5-ef36-49c4-8e77-92984dc5a920,3
4b301041-dbb5-4ac8-87e0-6ad96526a364,3
4bccf9f3-f3fe-47ff-a172-4a189e452786,3
5d39bccb-d524-41ed-8d2a-63e15f5b9f4e,3
6d4427fc-932b-4814-b323-ee7980788f3b,3
6d904ab3-aaff-434a-91e7-4f920a495402,3
7247dc2e-b862-4555-b533-7701d183271b,3
a67ec884-e895-4e14-a3c7-fc39795ee749,3
b124e1e0-4755-430f-9eab-894f25a9b59c,3
cf2c8c11-7c5b-4b96-9221-8a173f462af4,3
d314ee94-9f18-4710-8f97-c961de0cfcf9,3
eda59793-ed3d-405a-94e8-cc5e841fac9f,3
fa11e3b9-99ca-4059-9acc-390bb74be648,3
fd3d0c45-dad0-43a9-b64a-4fbb177d54d1,3
03b8dac0-be98-4f71-9440-76c406cbf2c1,2
147834a9-fbff-4357-b8b8-e755c62df2ce,2
1785da58-e713-45dd-a3f6-f5c2a89fb3a0,2
2282809d-f37b-4568-9164-72ca2d17227b,2
25d4f82b-b2bc-4197-bc11-27c8e9a25439,2
3092bb60-4073-4e19-864d-e6b3c7bd5024,2
449ae494-44ef-4dc4-b0c8-c1d25ab13c92,2
44bcde48-ac71-46f2-bf73-24fc3c008b6c,2
4d1bd299-2435-47e2-8fe1-ac949394a40d,2
5378e1cf-522d-4469-8776-b709579b4a3e,2
5ca32e22-1f1b-4478-ba7f-1916c4e88d67,2
5e43a220-a91d-485b-b608-58fd22693be7,2
644536b8-e3a1-46bd-95cc-ebfb8e7d2c53,2
67fabcac-a638-40a6-9bea-aeca8aced9f1,2
6cbf7d4d-13cb-4604-8668-db68fe753349,2
73393ec0-632e-4878-8077-76426fbeb9f1,2
75618c56-15d2-4087-b7ff-5cd2a41448ec,2
7ebef267-9d72-4c21-a276-cc84281a8590,2
93e3bf54-89d9-41ba-862b-65b6b2aaaf1e,2
a02b57b4-7c6e-4753-9ff1-dc842d7bd7f9,2
b7794db8-a1e3-4b45-8908-653ac72c3b9f,2
b8866a8d-adc7-4a3a-887b-e59f830bb988,2
b9afe2d0-b264-4422-bf8c-096b2a53c18f,2
bff23119-69aa-4127-9710-08cccd0d6fa3,2
d185ab72-3518-4cb8-b9ad-79010d6eef70,2
d3130e9c-8587-4545-baea-6e72876bb50c,2
df72c130-2f07-494d-80b4-bfc2a71565f0,2
e21bedd9-cbc7-4920-acda-44f510c0e926,2
e91c998f-2fd8-41f4-ad9f-1d7507326a7e,2
f5cb509c-00bb-42f5-aafb-59b631722d60,2
017f23ba-bf04-4eb7-a076-04ab2e5de250,1
0411f349-bbe6-4e47-969e-f06d2d07779d,1
0fa92ece-6461-418c-90d3-c2ad59bc9f9c,1
106df9be-33cc-42c4-bcdf-5aaf5ecd7ec6,1
1080f40d-0f45-41a2-9186-10cd9519a151,1
1196c919-404e-44ae-8191-a583f0d0167e,1
14f3151a-e95d-493c-a40d-d9938ef62954,1
16295331-4e0e-498e-9c6d-2887557ea64f,1
1dcfb37e-2288-4105-80d5-530e2c98d2a4,1
1f127865-0ff5-4008-95e7-508a6e77f53d,1
2150bbfa-51d0-4557-ab15-fb9459881eb7,1
240e848b-47bc-40a3-a44c-6e745901d2d0,1
258c29cc-51f6-43f5-b702-3a833921a008,1
260e98d1-dfe5-4c87-87ff-006e3d66ced2,1
26ead232-73c9-42a2-b32b-6d158ba85894,1
2715079c-e63a-4127-8cf1-39a56af1f6c4,1
285a83aa-7b54-4da5-be2b-66eba069b8a1,1
2c918110-5ef2-4d22-99aa-9ed56b20fcb9,1
2f8155f1-de65-4e53-921f-18803a9f7bb2,1
2f8b1fcb-6715-49be-9a48-980fb722d69a,1
34fbcf59-d9bb-47e7-9672-99e13ea8c736,1
36d9b785-0739-4ce9-82e7-cf5001c20104,1
3722840a-abf5-4024-a982-d2b06655a396,1
43027054-3812-4599-b7bc-a01f1df5b071,1
43d42772-ee9f-4527-8602-22e0e638b171,1
47769f1c-a2b9-4354-94ae-f3fe6574928b,1
4834ccc7-86d0-4287-82a0-c87fec8871dd,1
4b022c74-5261-4f96-8d4f-b41135e8a308,1
4b7d9185-e77b-4b39-9151-239c0d7fa627,1
4f0a9cb0-0079-4b22-b1fe-359b7e71a36a,1
501c0c65-df66-49b1-9a36-5613074b0b1c,1
566819c8-b713-4012-9395-a7daca6034d8,1
56aa0680-0c60-11dd-84cd-b8a03c50a862,1
5749d567-aec6-4463-8e05-c94648294428,1
58dbe878-33f0-4259-ad44-e6259bc8ae3d,1
5af6a8c5-f6a0-4d47-9f5f-9f35813620fc,1
5c53810e-b945-47ce-b655-83603c955779,1
5c67ed65-019d-4923-a269-5bbd65fcde4d,1
5fe48e2c-a83d-43b7-952a-e1e62c49ad23,1
6242ca69-c65e-4723-b629-9aeb05b51c88,1
62e99340-528c-4baf-bbd7-bf0df2f186b9,1
62f99788-f762-11e1-a439-00145eb45e9a,1
658426d3-7c81-4143-a0eb-ed04d568df1b,1
6586c634-db55-4674-b0c4-1e78bef63711,1
66551429-5e35-4848-94f5-b13bcad669a5,1
691709fb-cfb4-4d44-a090-6523e8ef7a99,1
702973cf-6935-45bf-ba31-cecee3571cf9,1
70592d9c-4b83-4878-9e75-e1c3a1b7bc07,1
716225f1-1257-4b54-a364-b22c327f0a71,1
73873fcc-2bea-49a0-b38e-96797faf74c0,1
74e00ab4-d11e-4b41-acd8-90ee82a37380,1
75085267-1991-4313-9075-6a12e821a51a,1
76d1be3c-145c-4b58-882c-6f2322f5fa02,1
785501d2-66bf-45ae-9dec-3023362a8e54,1
7a8cc046-f762-11e1-a439-00145eb45e9a,1
7b84c0a2-f762-11e1-a439-00145eb45e9a,1
7ba9d707-5ff1-4008-8baf-e0785e1546e1,1
7c2b4560-397c-4ad9-b245-3064b999450a,1
7d95137d-4dbe-41ff-9569-a890c84abd6b,1
8131b5ce-f945-494e-af3e-97aea4593a3c,1
83cbdde7-998f-4354-95de-72d885cc5863,1
84a649ce-ff81-420d-9c41-aa1de59e3766,1
854bc2fc-f762-11e1-a439-00145eb45e9a,1
8674480c-ebdc-42cf-8d42-c3762fe137d8,1
869e4288-f762-11e1-a439-00145eb45e9a,1
88967ea9-19ea-4f4d-b137-879ee00ebda8,1
8a053d6b-b83b-41c8-beaf-253bf62a8861,1
9668b676-f762-11e1-a439-00145eb45e9a,1
9b516fc1-eb7a-4a96-bd61-aaa79d280c62,1
9de29fd5-0a9d-4afa-a9d8-81c2f4b22665,1
a46ef430-15e2-11dd-b4e8-b8a03c50a862,1
a5b57a34-a0c8-4370-93c9-e46402617034,1
abd3521c-f459-468e-9039-f989786147d4,1
b12e8084-ced4-4fe0-89c6-d64455422a9c,1
b18ab2ec-1838-40db-b3b2-631a8dcabf61,1
b5192815-5e90-45b4-a17d-62856a3ead51,1
b9214eb9-51fd-41ca-9f14-a682349be69b,1
bfb6fefe-0ef5-4d34-9863-ef489ec3765f,1
c280ca91-0d11-438c-b810-5f4d0134d9f4,1
c6d289cc-62ee-46e1-9367-515092eed533,1
c734cde8-a858-476a-b293-f948db4c93f3,1
ca435754-9190-4a87-9b2c-c21563898294,1
d2bf4096-e794-467d-b721-2bca566d42ab,1
d3c28e6c-1192-4ef4-a38a-df790df16dc3,1
d3f42f4d-f899-4ae3-a7d3-af3ae99eadb8,1
d6daa6b6-fe00-4a7c-a6f6-d957a7f45698,1
d731839a-3f1b-4af5-bba9-6495ecade64e,1
dc8e7b6c-1158-4872-96b9-e899b95a4973,1
dd915a74-f2d2-4888-a62d-4a5ebeae4e0e,1
deae7cbd-0c20-422f-a7f9-4e8acfb57c4a,1
e48838ec-51f1-4d25-bf5c-fe3c24a28b32,1
e5687c66-55a2-4f5f-82aa-1838d9e67470,1
e56a116e-0cfc-4382-a772-162ac2a44a7c,1
e877015a-cc3f-411e-a5ac-1cf5a9ae45ef,1
eb4b2590-2eb1-4e9d-b543-aef0ed9f4dee,1
ebf061ab-5f8a-4958-ad37-0f55e2a953e7,1
ec895888-9012-42fd-bced-89e1877b03e0,1
f021b018-836b-4bea-b4da-275902fc546c,1
f0f52ff5-64d7-442f-8d12-da62a889667c,1
f30a82d7-2c71-45ec-8a25-057635c62e30,1
f3278405-0943-41a0-9f04-3a7733ec344d,1
f37a8a0d-9dae-4f26-8aca-99b88af21e6d,1
f3e2b5c3-b000-41b0-9f72-03b7b44424ab,1
fd731bc3-9d8b-4eab-876d-b92a769c5a4d,1
ffac22e7-fa1f-457f-a14a-a80ba967f4e1,1
